Nupur,female
Sehej,female
Phalgun,female
Imraan,male
Shefali,female
Kareena,female
Jitendra,male
Kirti,female
Rahul,male
Nikhil,male
Anushka,female
Saahil,male
Preeti,female
Anurag,male
Rehaan,male
Raman,male
Sumika,female
Kriti,female
Neha,female
Kapil,male
Akshay,male
Aman,male
Sameer,male
Siddharth,male
Abhinav,male
Priyanka,female
Phalguni,female
Divya,female
Marin,female
Awadhesh,male
Deepali,female
Raj,male
Deeksha,female
Varun,male
Akash,male
Deepti,female
Komal,female
Ayush,male
Kishwer,female