sports,Sports play a great in everyone’s busy life especially for students
sports,The victory target in the series opener was 208 one run less than what India had scored in their first innings
business,The tax payers in India are making a sacrifice to keep the banking system in good health
business,This money which is being infused could be used in other social purposes.
sports,But India surrendered despite the fact that South Africa were playing a bowler less having lost Dale Steyn to heel injury on the second day
business,The lending that the banks do is an indication of how growth will move
sports,Kohli expressed the need to rectify the mistakes that the batsmen did today but praised the bowlers for their exceptional effort particularly in the second innings
business,Direct tax collections soared 18.2 per cent during the first nine months of current fiscal at Rs 6.56 lakh crore
business,The net direct tax collections represent 67 per cent of the total Budget Estimates of direct taxes for FY2017-18 (Rs 9.8 lakh crore)
business,Gross collections (before adjusting for refunds) have increased by 12.6 per cent to Rs 7.68 lakh crore during April to December
business,Sensex opened with a jump of 78.82 points on 34431.61 while the broader 50-share NSE Nifty went up by 21.50 points to start trading on 10645.10.
sports,Pathan has said that the banned substance was 'mistakenly given to him' instead of medication prescribed
sports,So a superb Test at Newlands to begin the new year with
sports,Home teams continue to dominate. Away teams continue to hunt for ways of creating something